,Logistic Regression,Linear SVM
Accuracy,0.9368692617042265,0.9456711434858487
Balanced Acc,0.9155342122059803,0.9014286249150901
F1-macro,0.8384879305158327,0.8604454277083283
F1-weighted,0.9399269590218645,0.9469650274285948
ROC-AUC OvR,0.9872224810847889,0.9861863402828309
Precision (Обычные),0.97753774395483,0.9738295318127251
Recall (Обычные),0.9264774313634249,0.9436947417403444
F1 (Обычные),0.9513229409305382,0.9585253456221198
Precision (Спам),0.918622848200313,0.927519818799547
Recall (Спам),0.9638752052545156,0.9605911330049262
F1 (Спам),0.9407051282051282,0.9437658446646693
Precision (Кликбейт),0.49016100178890876,0.5898617511520737
Recall (Кликбейт),0.85625,0.8
F1 (Кликбейт),0.6234357224118316,0.6790450928381963
